,pclass,sex,sibsp,parch,fare,age
0,3,1,1,0,7.25,22.0
1,1,0,1,0,71.283299999999997,38.0
2,3,0,0,0,7.9249999999999998,26.0
3,1,0,1,0,53.100000000000001,35.0
4,3,1,0,0,8.0500000000000007,35.0
5,3,1,0,0,8.4582999999999995,
6,1,1,0,0,51.862499999999997,54.0
7,3,1,3,1,21.074999999999999,2.0
8,3,0,0,2,11.1333,27.0
9,2,0,1,0,30.070799999999998,14.0
10,3,0,1,1,16.699999999999999,4.0
11,1,0,0,0,26.550000000000001,58.0
12,3,1,0,0,8.0500000000000007,20.0
13,3,1,1,5,31.274999999999999,39.0
14,3,0,0,0,7.8541999999999996,14.0
15,2,0,0,0,16.0,55.0
16,3,1,4,1,29.125,2.0
17,2,1,0,0,13.0,
18,3,0,1,0,18.0,31.0
19,3,0,0,0,7.2249999999999996,
20,2,1,0,0,26.0,35.0
21,2,1,0,0,13.0,34.0
22,3,0,0,0,8.0291999999999994,15.0
23,1,1,0,0,35.5,28.0
24,3,0,3,1,21.074999999999999,8.0
25,3,0,1,5,31.387499999999999,38.0
26,3,1,0,0,7.2249999999999996,
27,1,1,3,2,263.0,19.0
28,3,0,0,0,7.8792,
29,3,1,0,0,7.8958000000000004,
30,1,1,0,0,27.720800000000001,40.0
31,1,0,1,0,146.52080000000001,
32,3,0,0,0,7.75,
33,2,1,0,0,10.5,66.0
34,1,1,1,0,82.1708,28.0
35,1,1,1,0,52.0,42.0
36,3,1,0,0,7.2291999999999996,
37,3,1,0,0,8.0500000000000007,21.0
38,3,0,2,0,18.0,18.0
39,3,0,1,0,11.2417,14.0
40,3,0,1,0,9.4749999999999996,40.0
41,2,0,1,0,21.0,27.0
42,3,1,0,0,7.8958000000000004,
43,2,0,1,2,41.5792,3.0
44,3,0,0,0,7.8792,19.0
45,3,1,0,0,8.0500000000000007,
46,3,1,1,0,15.5,
47,3,0,0,0,7.75,
48,3,1,2,0,21.679200000000002,
49,3,0,1,0,17.800000000000001,18.0
50,3,1,4,1,39.6875,7.0
51,3,1,0,0,7.7999999999999998,21.0
52,1,0,1,0,76.729200000000006,49.0
53,2,0,1,0,26.0,29.0
54,1,1,0,1,61.979199999999999,65.0
55,1,1,0,0,35.5,
56,2,0,0,0,10.5,21.0
57,3,1,0,0,7.2291999999999996,28.5
58,2,0,1,2,27.75,5.0
59,3,1,5,2,46.899999999999999,11.0
60,3,1,0,0,7.2291999999999996,22.0
61,1,0,0,0,80.0,38.0
62,1,1,1,0,83.474999999999994,45.0
63,3,1,3,2,27.899999999999999,4.0
64,1,1,0,0,27.720800000000001,
65,3,1,1,1,15.245799999999999,
66,2,0,0,0,10.5,29.0
67,3,1,0,0,8.1583000000000006,19.0
68,3,0,4,2,7.9249999999999998,17.0
69,3,1,2,0,8.6624999999999996,26.0
70,2,1,0,0,10.5,32.0
71,3,0,5,2,46.899999999999999,16.0
72,2,1,0,0,73.5,21.0
73,3,1,1,0,14.4542,26.0
74,3,1,0,0,56.495800000000003,32.0
75,3,1,0,0,7.6500000000000004,25.0
76,3,1,0,0,7.8958000000000004,
77,3,1,0,0,8.0500000000000007,
78,2,1,0,2,29.0,0.82999999999999996
79,3,0,0,0,12.475,30.0
80,3,1,0,0,9.0,22.0
81,3,1,0,0,9.5,29.0
82,3,0,0,0,7.7874999999999996,
83,1,1,0,0,47.100000000000001,28.0
84,2,0,0,0,10.5,17.0
85,3,0,3,0,15.85,33.0
86,3,1,1,3,34.375,16.0
87,3,1,0,0,8.0500000000000007,
88,1,0,3,2,263.0,23.0
89,3,1,0,0,8.0500000000000007,24.0
90,3,1,0,0,8.0500000000000007,29.0
91,3,1,0,0,7.8541999999999996,20.0
92,1,1,1,0,61.174999999999997,46.0
93,3,1,1,2,20.574999999999999,26.0
94,3,1,0,0,7.25,59.0
95,3,1,0,0,8.0500000000000007,
96,1,1,0,0,34.654200000000003,71.0
97,1,1,0,1,63.3583,23.0
98,2,0,0,1,23.0,34.0
99,2,1,1,0,26.0,34.0
100,3,0,0,0,7.8958000000000004,28.0
101,3,1,0,0,7.8958000000000004,
102,1,1,0,1,77.287499999999994,21.0
103,3,1,0,0,8.6541999999999994,33.0
104,3,1,2,0,7.9249999999999998,37.0
105,3,1,0,0,7.8958000000000004,28.0
106,3,0,0,0,7.6500000000000004,21.0
107,3,1,0,0,7.7750000000000004,
108,3,1,0,0,7.8958000000000004,38.0
109,3,0,1,0,24.149999999999999,
110,1,1,0,0,52.0,47.0
111,3,0,1,0,14.4542,14.5
112,3,1,0,0,8.0500000000000007,22.0
113,3,0,1,0,9.8249999999999993,20.0
114,3,0,0,0,14.458299999999999,17.0
115,3,1,0,0,7.9249999999999998,21.0
116,3,1,0,0,7.75,70.5
117,2,1,1,0,21.0,29.0
118,1,1,0,1,247.52080000000001,24.0
119,3,0,4,2,31.274999999999999,2.0
120,2,1,2,0,73.5,21.0
121,3,1,0,0,8.0500000000000007,
122,2,1,1,0,30.070799999999998,32.5
123,2,0,0,0,13.0,32.5
124,1,1,0,1,77.287499999999994,54.0
125,3,1,1,0,11.2417,12.0
126,3,1,0,0,7.75,
127,3,1,0,0,7.1417000000000002,24.0
128,3,0,1,1,22.3583,
129,3,1,0,0,6.9749999999999996,45.0
130,3,1,0,0,7.8958000000000004,33.0
131,3,1,0,0,7.0499999999999998,20.0
132,3,0,1,0,14.5,47.0
133,2,0,1,0,26.0,29.0
134,2,1,0,0,13.0,25.0
135,2,1,0,0,15.0458,23.0
136,1,0,0,2,26.283300000000001,19.0
137,1,1,1,0,53.100000000000001,37.0
138,3,1,0,0,9.2166999999999994,16.0
139,1,1,0,0,79.200000000000003,24.0
140,3,0,0,2,15.245799999999999,
141,3,0,0,0,7.75,22.0
142,3,0,1,0,15.85,24.0
143,3,1,0,0,6.75,19.0
144,2,1,0,0,11.5,18.0
145,2,1,1,1,36.75,19.0
146,3,1,0,0,7.7957999999999998,27.0
147,3,0,2,2,34.375,9.0
148,2,1,0,2,26.0,36.5
149,2,1,0,0,13.0,42.0
150,2,1,0,0,12.525,51.0
151,1,0,1,0,66.599999999999994,22.0
152,3,1,0,0,8.0500000000000007,55.5
153,3,1,0,2,14.5,40.5
154,3,1,0,0,7.3125,
155,1,1,0,1,61.379199999999997,51.0
156,3,0,0,0,7.7332999999999998,16.0
157,3,1,0,0,8.0500000000000007,30.0
158,3,1,0,0,8.6624999999999996,
159,3,1,8,2,69.549999999999997,
160,3,1,0,1,16.100000000000001,44.0
161,2,0,0,0,15.75,40.0
162,3,1,0,0,7.7750000000000004,26.0
163,3,1,0,0,8.6624999999999996,17.0
164,3,1,4,1,39.6875,1.0
165,3,1,0,2,20.524999999999999,9.0
166,1,0,0,1,55.0,
167,3,0,1,4,27.899999999999999,45.0
168,1,1,0,0,25.925000000000001,
169,3,1,0,0,56.495800000000003,28.0
170,1,1,0,0,33.5,61.0
171,3,1,4,1,29.125,4.0
172,3,0,1,1,11.1333,1.0
173,3,1,0,0,7.9249999999999998,21.0
174,1,1,0,0,30.695799999999998,56.0
175,3,1,1,1,7.8541999999999996,18.0
176,3,1,3,1,25.466699999999999,
177,1,0,0,0,28.712499999999999,50.0
178,2,1,0,0,13.0,30.0
179,3,1,0,0,0.0,36.0
180,3,0,8,2,69.549999999999997,
181,2,1,0,0,15.050000000000001,
182,3,1,4,2,31.387499999999999,9.0
183,2,1,2,1,39.0,1.0
184,3,0,0,2,22.024999999999999,4.0
185,1,1,0,0,50.0,
186,3,0,1,0,15.5,
187,1,1,0,0,26.550000000000001,45.0
188,3,1,1,1,15.5,40.0
189,3,1,0,0,7.8958000000000004,36.0
190,2,0,0,0,13.0,32.0
191,2,1,0,0,13.0,19.0
192,3,0,1,0,7.8541999999999996,19.0
193,2,1,1,1,26.0,3.0
194,1,0,0,0,27.720800000000001,44.0
195,1,0,0,0,146.52080000000001,58.0
196,3,1,0,0,7.75,
197,3,1,0,1,8.4041999999999994,42.0
198,3,0,0,0,7.75,
199,2,0,0,0,13.0,24.0
200,3,1,0,0,9.5,28.0
201,3,1,8,2,69.549999999999997,
202,3,1,0,0,6.4958,34.0
203,3,1,0,0,7.2249999999999996,45.5
204,3,1,0,0,8.0500000000000007,18.0
205,3,0,0,1,10.4625,2.0
206,3,1,1,0,15.85,32.0
207,3,1,0,0,18.787500000000001,26.0
208,3,0,0,0,7.75,16.0
209,1,1,0,0,31.0,40.0
210,3,1,0,0,7.0499999999999998,24.0
211,2,0,0,0,21.0,35.0
212,3,1,0,0,7.25,22.0
213,2,1,0,0,13.0,30.0
214,3,1,1,0,7.75,
215,1,0,1,0,113.27500000000001,31.0
216,3,0,0,0,7.9249999999999998,27.0
217,2,1,1,0,27.0,42.0
218,1,0,0,0,76.291700000000006,32.0
219,2,1,0,0,10.5,30.0
220,3,1,0,0,8.0500000000000007,16.0
221,2,1,0,0,13.0,27.0
222,3,1,0,0,8.0500000000000007,51.0
223,3,1,0,0,7.8958000000000004,
224,1,1,1,0,90.0,38.0
225,3,1,0,0,9.3499999999999996,22.0
226,2,1,0,0,10.5,19.0
227,3,1,0,0,7.25,20.5
228,2,1,0,0,13.0,18.0
229,3,0,3,1,25.466699999999999,
230,1,0,1,0,83.474999999999994,35.0
231,3,1,0,0,7.7750000000000004,29.0
232,2,1,0,0,13.5,59.0
233,3,0,4,2,31.387499999999999,5.0
234,2,1,0,0,10.5,24.0
235,3,0,0,0,7.5499999999999998,
236,2,1,1,0,26.0,44.0
237,2,0,0,2,26.25,8.0
238,2,1,0,0,10.5,19.0
239,2,1,0,0,12.275,33.0
240,3,0,1,0,14.4542,
241,3,0,1,0,15.5,
242,2,1,0,0,10.5,29.0
243,3,1,0,0,7.125,22.0
244,3,1,0,0,7.2249999999999996,30.0
245,1,1,2,0,90.0,44.0
246,3,0,0,0,7.7750000000000004,25.0
247,2,0,0,2,14.5,24.0
248,1,1,1,1,52.554200000000002,37.0
249,2,1,1,0,26.0,54.0
250,3,1,0,0,7.25,
251,3,0,1,1,10.4625,29.0
252,1,1,0,0,26.550000000000001,62.0
253,3,1,1,0,16.100000000000001,30.0
254,3,0,0,2,20.212499999999999,41.0
255,3,0,0,2,15.245799999999999,29.0
256,1,0,0,0,79.200000000000003,
257,1,0,0,0,86.5,30.0
258,1,0,0,0,512.32920000000001,35.0
259,2,0,0,1,26.0,50.0
260,3,1,0,0,7.75,
261,3,1,4,2,31.387499999999999,3.0
262,1,1,1,1,79.650000000000006,52.0
263,1,1,0,0,0.0,40.0
264,3,0,0,0,7.75,
265,2,1,0,0,10.5,36.0
266,3,1,4,1,39.6875,16.0
267,3,1,1,0,7.7750000000000004,25.0
268,1,0,0,1,153.46250000000001,58.0
269,1,0,0,0,135.63329999999999,35.0
270,1,1,0,0,31.0,
271,3,1,0,0,0.0,25.0
272,2,0,0,1,19.5,41.0
273,1,1,0,1,29.699999999999999,37.0
274,3,0,0,0,7.75,
275,1,0,1,0,77.958299999999994,63.0
276,3,0,0,0,7.75,45.0
277,2,1,0,0,0.0,
278,3,1,4,1,29.125,7.0
279,3,0,1,1,20.25,35.0
280,3,1,0,0,7.75,65.0
281,3,1,0,0,7.8541999999999996,28.0
282,3,1,0,0,9.5,16.0
283,3,1,0,0,8.0500000000000007,19.0
284,1,1,0,0,26.0,
285,3,1,0,0,8.6624999999999996,33.0
286,3,1,0,0,9.5,30.0
287,3,1,0,0,7.8958000000000004,22.0
288,2,1,0,0,13.0,42.0
289,3,0,0,0,7.75,22.0
290,1,0,0,0,78.849999999999994,26.0
291,1,0,1,0,91.0792,19.0
292,2,1,0,0,12.875,36.0
293,3,0,0,0,8.8499999999999996,24.0
294,3,1,0,0,7.8958000000000004,24.0
295,1,1,0,0,27.720800000000001,
296,3,1,0,0,7.2291999999999996,23.5
297,1,0,1,2,151.55000000000001,2.0
298,1,1,0,0,30.5,
299,1,0,0,1,247.52080000000001,50.0
300,3,0,0,0,7.75,
301,3,1,2,0,23.25,
302,3,1,0,0,0.0,19.0
303,2,0,0,0,12.35,
304,3,1,0,0,8.0500000000000007,
305,1,1,1,2,151.55000000000001,0.92000000000000004
306,1,0,0,0,110.88330000000001,
307,1,0,1,0,108.90000000000001,17.0
308,2,1,1,0,24.0,30.0
309,1,0,0,0,56.929200000000002,30.0
310,1,0,0,0,83.158299999999997,24.0
311,1,0,2,2,262.375,18.0
312,2,0,1,1,26.0,26.0
313,3,1,0,0,7.8958000000000004,28.0
314,2,1,1,1,26.25,43.0
315,3,0,0,0,7.8541999999999996,26.0
316,2,0,1,0,26.0,24.0
317,2,1,0,0,14.0,54.0
318,1,0,0,2,164.86670000000001,31.0
319,1,0,1,1,134.5,40.0
320,3,1,0,0,7.25,22.0
321,3,1,0,0,7.8958000000000004,27.0
322,2,0,0,0,12.35,30.0
323,2,0,1,1,29.0,22.0
324,3,1,8,2,69.549999999999997,
325,1,0,0,0,135.63329999999999,36.0
326,3,1,0,0,6.2374999999999998,61.0
327,2,0,0,0,13.0,36.0
328,3,0,1,1,20.524999999999999,31.0
329,1,0,0,1,57.979199999999999,16.0
330,3,0,2,0,23.25,
331,1,1,0,0,28.5,45.5
332,1,1,0,1,153.46250000000001,38.0
333,3,1,2,0,18.0,16.0
334,1,0,1,0,133.65000000000001,
335,3,1,0,0,7.8958000000000004,
336,1,1,1,0,66.599999999999994,29.0
337,1,0,0,0,134.5,41.0
338,3,1,0,0,8.0500000000000007,45.0
339,1,1,0,0,35.5,45.0
340,2,1,1,1,26.0,2.0
341,1,0,3,2,263.0,24.0
342,2,1,0,0,13.0,28.0
343,2,1,0,0,13.0,25.0
344,2,1,0,0,13.0,36.0
345,2,0,0,0,13.0,24.0
346,2,0,0,0,13.0,40.0
347,3,0,1,0,16.100000000000001,
348,3,1,1,1,15.9,3.0
349,3,1,0,0,8.6624999999999996,42.0
350,3,1,0,0,9.2249999999999996,23.0
351,1,1,0,0,35.0,
352,3,1,1,1,7.2291999999999996,15.0
353,3,1,1,0,17.800000000000001,25.0
354,3,1,0,0,7.2249999999999996,
355,3,1,0,0,9.5,28.0
356,1,0,0,1,55.0,22.0
357,2,0,0,0,13.0,38.0
358,3,0,0,0,7.8792,
359,3,0,0,0,7.8792,
360,3,1,1,4,27.899999999999999,40.0
361,2,1,1,0,27.720800000000001,29.0
362,3,0,0,1,14.4542,45.0
363,3,1,0,0,7.0499999999999998,35.0
364,3,1,1,0,15.5,
365,3,1,0,0,7.25,30.0
366,1,0,1,0,75.25,60.0
367,3,0,0,0,7.2291999999999996,
368,3,0,0,0,7.75,
369,1,0,0,0,69.299999999999997,24.0
370,1,1,1,0,55.441699999999997,25.0
371,3,1,1,0,6.4958,18.0
372,3,1,0,0,8.0500000000000007,19.0
373,1,1,0,0,135.63329999999999,22.0
374,3,0,3,1,21.074999999999999,3.0
375,1,0,1,0,82.1708,
376,3,0,0,0,7.25,22.0
377,1,1,0,2,211.5,27.0
378,3,1,0,0,4.0125000000000002,20.0
379,3,1,0,0,7.7750000000000004,19.0
380,1,0,0,0,227.52500000000001,42.0
381,3,0,0,2,15.7417,1.0
382,3,1,0,0,7.9249999999999998,32.0
383,1,0,1,0,52.0,35.0
384,3,1,0,0,7.8958000000000004,
385,2,1,0,0,73.5,18.0
386,3,1,5,2,46.899999999999999,1.0
387,2,0,0,0,13.0,36.0
388,3,1,0,0,7.7291999999999996,
389,2,0,0,0,12.0,17.0
390,1,1,1,2,120.0,36.0
391,3,1,0,0,7.7957999999999998,21.0
392,3,1,2,0,7.9249999999999998,28.0
393,1,0,1,0,113.27500000000001,23.0
394,3,0,0,2,16.699999999999999,24.0
395,3,1,0,0,7.7957999999999998,22.0
396,3,0,0,0,7.8541999999999996,31.0
397,2,1,0,0,26.0,46.0
398,2,1,0,0,10.5,23.0
399,2,0,0,0,12.65,28.0
400,3,1,0,0,7.9249999999999998,39.0
401,3,1,0,0,8.0500000000000007,26.0
402,3,0,1,0,9.8249999999999993,21.0
403,3,1,1,0,15.85,28.0
404,3,0,0,0,8.6624999999999996,20.0
405,2,1,1,0,21.0,34.0
406,3,1,0,0,7.75,51.0
407,2,1,1,1,18.75,3.0
408,3,1,0,0,7.7750000000000004,21.0
409,3,0,3,1,25.466699999999999,
410,3,1,0,0,7.8958000000000004,
411,3,1,0,0,6.8582999999999998,
412,1,0,1,0,90.0,33.0
413,2,1,0,0,0.0,
414,3,1,0,0,7.9249999999999998,44.0
415,3,0,0,0,8.0500000000000007,
416,2,0,1,1,32.5,34.0
417,2,0,0,2,13.0,18.0
418,2,1,0,0,13.0,30.0
419,3,0,0,2,24.149999999999999,10.0
420,3,1,0,0,7.8958000000000004,
421,3,1,0,0,7.7332999999999998,21.0
422,3,1,0,0,7.875,29.0
423,3,0,1,1,14.4,28.0
424,3,1,1,1,20.212499999999999,18.0
425,3,1,0,0,7.25,
426,2,0,1,0,26.0,28.0
427,2,0,0,0,26.0,19.0
428,3,1,0,0,7.75,
429,3,1,0,0,8.0500000000000007,32.0
430,1,1,0,0,26.550000000000001,28.0
431,3,0,1,0,16.100000000000001,
432,2,0,1,0,26.0,42.0
433,3,1,0,0,7.125,17.0
434,1,1,1,0,55.899999999999999,50.0
435,1,0,1,2,120.0,14.0
436,3,0,2,2,34.375,21.0
437,2,0,2,3,18.75,24.0
438,1,1,1,4,263.0,64.0
439,2,1,0,0,10.5,31.0
440,2,0,1,1,26.25,45.0
441,3,1,0,0,9.5,20.0
442,3,1,1,0,7.7750000000000004,25.0
443,2,0,0,0,13.0,28.0
444,3,1,0,0,8.1125000000000007,
445,1,1,0,2,81.8583,4.0
446,2,0,0,1,19.5,13.0
447,1,1,0,0,26.550000000000001,34.0
448,3,0,2,1,19.258299999999998,5.0
449,1,1,0,0,30.5,52.0
450,2,1,1,2,27.75,36.0
451,3,1,1,0,19.966699999999999,
452,1,1,0,0,27.75,30.0
453,1,1,1,0,89.104200000000006,49.0
454,3,1,0,0,8.0500000000000007,
455,3,1,0,0,7.8958000000000004,29.0
456,1,1,0,0,26.550000000000001,65.0
457,1,0,1,0,51.862499999999997,
458,2,0,0,0,10.5,50.0
459,3,1,0,0,7.75,
460,1,1,0,0,26.550000000000001,48.0
461,3,1,0,0,8.0500000000000007,34.0
462,1,1,0,0,38.5,47.0
463,2,1,0,0,13.0,48.0
464,3,1,0,0,8.0500000000000007,
465,3,1,0,0,7.0499999999999998,38.0
466,2,1,0,0,0.0,
467,1,1,0,0,26.550000000000001,56.0
468,3,1,0,0,7.7249999999999996,
469,3,0,2,1,19.258299999999998,0.75
470,3,1,0,0,7.25,
471,3,1,0,0,8.6624999999999996,38.0
472,2,0,1,2,27.75,33.0
473,2,0,0,0,13.791700000000001,23.0
474,3,0,0,0,9.8375000000000004,22.0
475,1,1,0,0,52.0,
476,2,1,1,0,21.0,34.0
477,3,1,1,0,7.0457999999999998,29.0
478,3,1,0,0,7.5208000000000004,22.0
479,3,0,0,1,12.2875,2.0
480,3,1,5,2,46.899999999999999,9.0
481,2,1,0,0,0.0,
482,3,1,0,0,8.0500000000000007,50.0
483,3,0,0,0,9.5875000000000004,63.0
484,1,1,1,0,91.0792,25.0
485,3,0,3,1,25.466699999999999,
486,1,0,1,0,90.0,35.0
487,1,1,0,0,29.699999999999999,58.0
488,3,1,0,0,8.0500000000000007,30.0
489,3,1,1,1,15.9,9.0
490,3,1,1,0,19.966699999999999,
491,3,1,0,0,7.25,21.0
492,1,1,0,0,30.5,55.0
493,1,1,0,0,49.504199999999997,71.0
494,3,1,0,0,8.0500000000000007,21.0
495,3,1,0,0,14.458299999999999,
496,1,0,1,0,78.2667,54.0
497,3,1,0,0,15.1,
498,1,0,1,2,151.55000000000001,25.0
499,3,1,0,0,7.7957999999999998,24.0
500,3,1,0,0,8.6624999999999996,17.0
501,3,0,0,0,7.75,21.0
502,3,0,0,0,7.6292,
503,3,0,0,0,9.5875000000000004,37.0
504,1,0,0,0,86.5,16.0
505,1,1,1,0,108.90000000000001,18.0
506,2,0,0,2,26.0,33.0
507,1,1,0,0,26.550000000000001,
508,3,1,0,0,22.524999999999999,28.0
509,3,1,0,0,56.495800000000003,26.0
510,3,1,0,0,7.75,29.0
511,3,1,0,0,8.0500000000000007,
512,1,1,0,0,26.287500000000001,36.0
513,1,0,1,0,59.399999999999999,54.0
514,3,1,0,0,7.4958,24.0
515,1,1,0,0,34.020800000000001,47.0
516,2,0,0,0,10.5,34.0
517,3,1,0,0,24.149999999999999,
518,2,0,1,0,26.0,36.0
519,3,1,0,0,7.8958000000000004,32.0
520,1,0,0,0,93.5,30.0
521,3,1,0,0,7.8958000000000004,22.0
522,3,1,0,0,7.2249999999999996,
523,1,0,0,1,57.979199999999999,44.0
524,3,1,0,0,7.2291999999999996,
525,3,1,0,0,7.75,40.5
526,2,0,0,0,10.5,50.0
527,1,1,0,0,221.7792,
528,3,1,0,0,7.9249999999999998,39.0
529,2,1,2,1,11.5,23.0
530,2,0,1,1,26.0,2.0
531,3,1,0,0,7.2291999999999996,
532,3,1,1,1,7.2291999999999996,17.0
533,3,0,0,2,22.3583,
534,3,0,0,0,8.6624999999999996,30.0
535,2,0,0,2,26.25,7.0
536,1,1,0,0,26.550000000000001,45.0
537,1,0,0,0,106.425,30.0
538,3,1,0,0,14.5,
539,1,0,0,2,49.5,22.0
540,1,0,0,2,71.0,36.0
541,3,0,4,2,31.274999999999999,9.0
542,3,0,4,2,31.274999999999999,11.0
543,2,1,1,0,26.0,32.0
544,1,1,1,0,106.425,50.0
545,1,1,0,0,26.0,64.0
546,2,0,1,0,26.0,19.0
547,2,1,0,0,13.862500000000001,
548,3,1,1,1,20.524999999999999,33.0
549,2,1,1,1,36.75,8.0
550,1,1,0,2,110.88330000000001,17.0
551,2,1,0,0,26.0,27.0
552,3,1,0,0,7.8292000000000002,
553,3,1,0,0,7.2249999999999996,22.0
554,3,0,0,0,7.7750000000000004,22.0
555,1,1,0,0,26.550000000000001,62.0
556,1,0,1,0,39.600000000000001,48.0
557,1,1,0,0,227.52500000000001,
558,1,0,1,1,79.650000000000006,39.0
559,3,0,1,0,17.399999999999999,36.0
560,3,1,0,0,7.75,
561,3,1,0,0,7.8958000000000004,40.0
562,2,1,0,0,13.5,28.0
563,3,1,0,0,8.0500000000000007,
564,3,0,0,0,8.0500000000000007,
565,3,1,2,0,24.149999999999999,24.0
566,3,1,0,0,7.8958000000000004,19.0
567,3,0,0,4,21.074999999999999,29.0
568,3,1,0,0,7.2291999999999996,
569,3,1,0,0,7.8541999999999996,32.0
570,2,1,0,0,10.5,62.0
571,1,0,2,0,51.479199999999999,53.0
572,1,1,0,0,26.387499999999999,36.0
573,3,0,0,0,7.75,
574,3,1,0,0,8.0500000000000007,16.0
575,3,1,0,0,14.5,19.0
576,2,0,0,0,13.0,34.0
577,1,0,1,0,55.899999999999999,39.0
578,3,0,1,0,14.458299999999999,
579,3,1,0,0,7.9249999999999998,32.0
580,2,0,1,1,30.0,25.0
581,1,0,1,1,110.88330000000001,39.0
582,2,1,0,0,26.0,54.0
583,1,1,0,0,40.125,36.0
584,3,1,0,0,8.7125000000000004,
585,1,0,0,2,79.650000000000006,18.0
586,2,1,0,0,15.0,47.0
587,1,1,1,1,79.200000000000003,60.0
588,3,1,0,0,8.0500000000000007,22.0
589,3,1,0,0,8.0500000000000007,
590,3,1,0,0,7.125,35.0
591,1,0,1,0,78.2667,52.0
592,3,1,0,0,7.25,47.0
593,3,0,0,2,7.75,
594,2,1,1,0,26.0,37.0
595,3,1,1,1,24.149999999999999,36.0
596,2,0,0,0,33.0,
597,3,1,0,0,0.0,49.0
598,3,1,0,0,7.2249999999999996,
599,1,1,1,0,56.929200000000002,49.0
600,2,0,2,1,27.0,24.0
601,3,1,0,0,7.8958000000000004,
602,1,1,0,0,42.399999999999999,
603,3,1,0,0,8.0500000000000007,44.0
604,1,1,0,0,26.550000000000001,35.0
605,3,1,1,0,15.550000000000001,36.0
606,3,1,0,0,7.8958000000000004,30.0
607,1,1,0,0,30.5,27.0
608,2,0,1,2,41.5792,22.0
609,1,0,0,0,153.46250000000001,40.0
610,3,0,1,5,31.274999999999999,39.0
611,3,1,0,0,7.0499999999999998,
612,3,0,1,0,15.5,
613,3,1,0,0,7.75,
614,3,1,0,0,8.0500000000000007,35.0
615,2,0,1,2,65.0,24.0
616,3,1,1,1,14.4,34.0
617,3,0,1,0,16.100000000000001,26.0
618,2,0,2,1,39.0,4.0
619,2,1,0,0,10.5,26.0
620,3,1,1,0,14.4542,27.0
621,1,1,1,0,52.554200000000002,42.0
622,3,1,1,1,15.7417,20.0
623,3,1,0,0,7.8541999999999996,21.0
624,3,1,0,0,16.100000000000001,21.0
625,1,1,0,0,32.320799999999998,61.0
626,2,1,0,0,12.35,57.0
627,1,0,0,0,77.958299999999994,21.0
628,3,1,0,0,7.8958000000000004,26.0
629,3,1,0,0,7.7332999999999998,
630,1,1,0,0,30.0,80.0
631,3,1,0,0,7.0541999999999998,51.0
632,1,1,0,0,30.5,32.0
633,1,1,0,0,0.0,
634,3,0,3,2,27.899999999999999,9.0
635,2,0,0,0,13.0,28.0
636,3,1,0,0,7.9249999999999998,32.0
637,2,1,1,1,26.25,31.0
638,3,0,0,5,39.6875,41.0
639,3,1,1,0,16.100000000000001,
640,3,1,0,0,7.8541999999999996,20.0
641,1,0,0,0,69.299999999999997,24.0
642,3,0,3,2,27.899999999999999,2.0
643,3,1,0,0,56.495800000000003,
644,3,0,2,1,19.258299999999998,0.75
645,1,1,1,0,76.729200000000006,48.0
646,3,1,0,0,7.8958000000000004,19.0
647,1,1,0,0,35.5,56.0
648,3,1,0,0,7.5499999999999998,
649,3,0,0,0,7.5499999999999998,23.0
650,3,1,0,0,7.8958000000000004,
651,2,0,0,1,23.0,18.0
652,3,1,0,0,8.4332999999999991,21.0
653,3,0,0,0,7.8292000000000002,
654,3,0,0,0,6.75,18.0
655,2,1,2,0,73.5,24.0
656,3,1,0,0,7.8958000000000004,
657,3,0,1,1,15.5,32.0
658,2,1,0,0,13.0,23.0
659,1,1,0,2,113.27500000000001,58.0
660,1,1,2,0,133.65000000000001,50.0
661,3,1,0,0,7.2249999999999996,40.0
662,1,1,0,0,25.587499999999999,47.0
663,3,1,0,0,7.4958,36.0
664,3,1,1,0,7.9249999999999998,20.0
665,2,1,2,0,73.5,32.0
666,2,1,0,0,13.0,25.0
667,3,1,0,0,7.7750000000000004,
668,3,1,0,0,8.0500000000000007,43.0
669,1,0,1,0,52.0,
670,2,0,1,1,39.0,40.0
671,1,1,1,0,52.0,31.0
672,2,1,0,0,10.5,70.0
673,2,1,0,0,13.0,31.0
674,2,1,0,0,0.0,
675,3,1,0,0,7.7750000000000004,18.0
676,3,1,0,0,8.0500000000000007,24.5
677,3,0,0,0,9.8416999999999994,18.0
678,3,0,1,6,46.899999999999999,43.0
679,1,1,0,1,512.32920000000001,36.0
680,3,0,0,0,8.1374999999999993,
681,1,1,0,0,76.729200000000006,27.0
682,3,1,0,0,9.2249999999999996,20.0
683,3,1,5,2,46.899999999999999,14.0
684,2,1,1,1,39.0,60.0
685,2,1,1,2,41.5792,25.0
686,3,1,4,1,39.6875,14.0
687,3,1,0,0,10.1708,19.0
688,3,1,0,0,7.7957999999999998,18.0
689,1,0,0,1,211.33750000000001,15.0
690,1,1,1,0,57.0,31.0
691,3,0,0,1,13.416700000000001,4.0
692,3,1,0,0,56.495800000000003,
693,3,1,0,0,7.2249999999999996,25.0
694,1,1,0,0,26.550000000000001,60.0
695,2,1,0,0,13.5,52.0
696,3,1,0,0,8.0500000000000007,44.0
697,3,0,0,0,7.7332999999999998,
698,1,1,1,1,110.88330000000001,49.0
699,3,1,0,0,7.6500000000000004,42.0
700,1,0,1,0,227.52500000000001,18.0
701,1,1,0,0,26.287500000000001,35.0
702,3,0,0,1,14.4542,18.0
703,3,1,0,0,7.7416999999999998,25.0
704,3,1,1,0,7.8541999999999996,26.0
705,2,1,0,0,26.0,39.0
706,2,0,0,0,13.5,45.0
707,1,1,0,0,26.287500000000001,42.0
708,1,0,0,0,151.55000000000001,22.0
709,3,1,1,1,15.245799999999999,
710,1,0,0,0,49.504199999999997,24.0
711,1,1,0,0,26.550000000000001,
712,1,1,1,0,52.0,48.0
713,3,1,0,0,9.4832999999999998,29.0
714,2,1,0,0,13.0,52.0
715,3,1,0,0,7.6500000000000004,19.0
716,1,0,0,0,227.52500000000001,38.0
717,2,0,0,0,10.5,27.0
718,3,1,0,0,15.5,
719,3,1,0,0,7.7750000000000004,33.0
720,2,0,0,1,33.0,6.0
721,3,1,1,0,7.0541999999999998,17.0
722,2,1,0,0,13.0,34.0
723,2,1,0,0,13.0,50.0
724,1,1,1,0,53.100000000000001,27.0
725,3,1,0,0,8.6624999999999996,20.0
726,2,0,3,0,21.0,30.0
727,3,0,0,0,7.7374999999999998,
728,2,1,1,0,26.0,25.0
729,3,0,1,0,7.9249999999999998,25.0
730,1,0,0,0,211.33750000000001,29.0
731,3,1,0,0,18.787500000000001,11.0
732,2,1,0,0,0.0,
733,2,1,0,0,13.0,23.0
734,2,1,0,0,13.0,23.0
735,3,1,0,0,16.100000000000001,28.5
736,3,0,1,3,34.375,48.0
737,1,1,0,0,512.32920000000001,35.0
738,3,1,0,0,7.8958000000000004,
739,3,1,0,0,7.8958000000000004,
740,1,1,0,0,30.0,
741,1,1,1,0,78.849999999999994,36.0
742,1,0,2,2,262.375,21.0
743,3,1,1,0,16.100000000000001,24.0
744,3,1,0,0,7.9249999999999998,31.0
745,1,1,1,1,71.0,70.0
746,3,1,1,1,20.25,16.0
747,2,0,0,0,13.0,30.0
748,1,1,1,0,53.100000000000001,19.0
749,3,1,0,0,7.75,31.0
750,2,0,1,1,23.0,4.0
751,3,1,0,1,12.475,6.0
752,3,1,0,0,9.5,33.0
753,3,1,0,0,7.8958000000000004,23.0
754,2,0,1,2,65.0,48.0
755,2,1,1,1,14.5,0.67000000000000004
756,3,1,0,0,7.7957999999999998,28.0
757,2,1,0,0,11.5,18.0
758,3,1,0,0,8.0500000000000007,34.0
759,1,0,0,0,86.5,33.0
760,3,1,0,0,14.5,
761,3,1,0,0,7.125,41.0
762,3,1,0,0,7.2291999999999996,20.0
763,1,0,1,2,120.0,36.0
764,3,1,0,0,7.7750000000000004,16.0
765,1,0,1,0,77.958299999999994,51.0
766,1,1,0,0,39.600000000000001,
767,3,0,0,0,7.75,30.5
768,3,1,1,0,24.149999999999999,
769,3,1,0,0,8.3625000000000007,32.0
770,3,1,0,0,9.5,24.0
771,3,1,0,0,7.8541999999999996,48.0
772,2,0,0,0,10.5,57.0
773,3,1,0,0,7.2249999999999996,
774,2,0,1,3,23.0,54.0
775,3,1,0,0,7.75,18.0
776,3,1,0,0,7.75,
777,3,0,0,0,12.475,5.0
778,3,1,0,0,7.7374999999999998,
779,1,0,0,1,211.33750000000001,43.0
780,3,0,0,0,7.2291999999999996,13.0
781,1,0,1,0,57.0,17.0
782,1,1,0,0,30.0,29.0
783,3,1,1,2,23.449999999999999,
784,3,1,0,0,7.0499999999999998,25.0
785,3,1,0,0,7.25,25.0
786,3,0,0,0,7.4958,18.0
787,3,1,4,1,29.125,8.0
788,3,1,1,2,20.574999999999999,1.0
789,1,1,0,0,79.200000000000003,46.0
790,3,1,0,0,7.75,
791,2,1,0,0,26.0,16.0
792,3,0,8,2,69.549999999999997,
793,1,1,0,0,30.695799999999998,
794,3,1,0,0,7.8958000000000004,25.0
795,2,1,0,0,13.0,39.0
796,1,0,0,0,25.929200000000002,49.0
797,3,0,0,0,8.6832999999999991,31.0
798,3,1,0,0,7.2291999999999996,30.0
799,3,0,1,1,24.149999999999999,30.0
800,2,1,0,0,13.0,34.0
801,2,0,1,1,26.25,31.0
802,1,1,1,2,120.0,11.0
803,3,1,0,1,8.5167000000000002,0.41999999999999998
804,3,1,0,0,6.9749999999999996,27.0
805,3,1,0,0,7.7750000000000004,31.0
806,1,1,0,0,0.0,39.0
807,3,0,0,0,7.7750000000000004,18.0
808,2,1,0,0,13.0,39.0
809,1,0,1,0,53.100000000000001,33.0
810,3,1,0,0,7.8875000000000002,26.0
811,3,1,0,0,24.149999999999999,39.0
812,2,1,0,0,10.5,35.0
813,3,0,4,2,31.274999999999999,6.0
814,3,1,0,0,8.0500000000000007,30.5
815,1,1,0,0,0.0,
816,3,0,0,0,7.9249999999999998,23.0
817,2,1,1,1,37.004199999999997,31.0
818,3,1,0,0,6.4500000000000002,43.0
819,3,1,3,2,27.899999999999999,10.0
820,1,0,1,1,93.5,52.0
821,3,1,0,0,8.6624999999999996,27.0
822,1,1,0,0,0.0,38.0
823,3,0,0,1,12.475,27.0
824,3,1,4,1,39.6875,2.0
825,3,1,0,0,6.9500000000000002,
826,3,1,0,0,56.495800000000003,
827,2,1,0,2,37.004199999999997,1.0
828,3,1,0,0,7.75,
829,1,0,0,0,80.0,62.0
830,3,0,1,0,14.4542,15.0
831,2,1,1,1,18.75,0.82999999999999996
832,3,1,0,0,7.2291999999999996,
833,3,1,0,0,7.8541999999999996,23.0
834,3,1,0,0,8.3000000000000007,18.0
835,1,0,1,1,83.158299999999997,39.0
836,3,1,0,0,8.6624999999999996,21.0
837,3,1,0,0,8.0500000000000007,
838,3,1,0,0,56.495800000000003,32.0
839,1,1,0,0,29.699999999999999,
840,3,1,0,0,7.9249999999999998,20.0
841,2,1,0,0,10.5,16.0
842,1,0,0,0,31.0,30.0
843,3,1,0,0,6.4375,34.5
844,3,1,0,0,8.6624999999999996,17.0
845,3,1,0,0,7.5499999999999998,42.0
846,3,1,8,2,69.549999999999997,
847,3,1,0,0,7.8958000000000004,35.0
848,2,1,0,1,33.0,28.0
849,1,0,1,0,89.104200000000006,
850,3,1,4,2,31.274999999999999,4.0
851,3,1,0,0,7.7750000000000004,74.0
852,3,0,1,1,15.245799999999999,9.0
853,1,0,0,1,39.399999999999999,16.0
854,2,0,1,0,26.0,44.0
855,3,0,0,1,9.3499999999999996,18.0
856,1,0,1,1,164.86670000000001,45.0
857,1,1,0,0,26.550000000000001,51.0
858,3,0,0,3,19.258299999999998,24.0
859,3,1,0,0,7.2291999999999996,
860,3,1,2,0,14.1083,41.0
861,2,1,1,0,11.5,21.0
862,1,0,0,0,25.929200000000002,48.0
863,3,0,8,2,69.549999999999997,
864,2,1,0,0,13.0,24.0
865,2,0,0,0,13.0,42.0
866,2,0,1,0,13.8583,27.0
867,1,1,0,0,50.495800000000003,31.0
868,3,1,0,0,9.5,
869,3,1,1,1,11.1333,4.0
870,3,1,0,0,7.8958000000000004,26.0
871,1,0,1,1,52.554200000000002,47.0
872,1,1,0,0,5.0,33.0
873,3,1,0,0,9.0,47.0
874,2,0,1,0,24.0,28.0
875,3,0,0,0,7.2249999999999996,15.0
876,3,1,0,0,9.8458000000000006,20.0
877,3,1,0,0,7.8958000000000004,19.0
878,3,1,0,0,7.8958000000000004,
879,1,0,0,1,83.158299999999997,56.0
880,2,0,0,1,26.0,25.0
881,3,1,0,0,7.8958000000000004,33.0
882,3,0,0,0,10.5167,22.0
883,2,1,0,0,10.5,28.0
884,3,1,0,0,7.0499999999999998,25.0
885,3,0,0,5,29.125,39.0
886,2,1,0,0,13.0,27.0
887,1,0,0,0,30.0,19.0
888,3,0,1,2,23.449999999999999,
889,1,1,0,0,30.0,26.0
890,3,1,0,0,7.75,32.0
0,3,1,0,0,7.8292000000000002,34.5
1,3,0,1,0,7.0,47.0
2,2,1,0,0,9.6875,62.0
3,3,1,0,0,8.6624999999999996,27.0
4,3,0,1,1,12.2875,22.0
5,3,1,0,0,9.2249999999999996,14.0
6,3,0,0,0,7.6292,30.0
7,2,1,1,1,29.0,26.0
8,3,0,0,0,7.2291999999999996,18.0
9,3,1,2,0,24.149999999999999,21.0
10,3,1,0,0,7.8958000000000004,
11,1,1,0,0,26.0,46.0
12,1,0,1,0,82.2667,23.0
13,2,1,1,0,26.0,63.0
14,1,0,1,0,61.174999999999997,47.0
15,2,0,1,0,27.720800000000001,24.0
16,2,1,0,0,12.35,35.0
17,3,1,0,0,7.2249999999999996,21.0
18,3,0,1,0,7.9249999999999998,27.0
19,3,0,0,0,7.2249999999999996,45.0
20,1,1,1,0,59.399999999999999,55.0
21,3,1,0,1,3.1707999999999998,9.0
22,1,0,0,0,31.683299999999999,
23,1,1,0,1,61.379199999999997,21.0
24,1,0,1,3,262.375,48.0
25,3,1,1,0,14.5,50.0
26,1,0,0,1,61.979199999999999,22.0
27,3,1,0,0,7.2249999999999996,22.5
28,1,1,0,0,30.5,41.0
29,3,1,2,0,21.679200000000002,
30,2,1,1,0,26.0,50.0
31,2,1,2,0,31.5,24.0
32,3,0,1,2,20.574999999999999,33.0
33,3,0,1,2,23.449999999999999,
34,1,1,1,0,57.75,30.0
35,3,1,0,0,7.2291999999999996,18.5
36,3,0,0,0,8.0500000000000007,
37,3,0,0,0,8.6624999999999996,21.0
38,3,1,0,0,9.5,25.0
39,3,1,0,0,56.495800000000003,
40,3,1,0,1,13.416700000000001,39.0
41,1,1,0,0,26.550000000000001,
42,3,1,0,0,7.8499999999999996,41.0
43,2,0,0,0,13.0,30.0
44,1,0,1,0,52.554200000000002,45.0
45,3,1,0,0,7.9249999999999998,25.0
46,1,1,0,0,29.699999999999999,45.0
47,3,1,0,0,7.75,
48,1,0,0,0,76.291700000000006,60.0
49,3,0,0,2,15.9,36.0
50,1,1,1,0,60.0,24.0
51,2,1,0,0,15.033300000000001,27.0
52,2,0,2,1,23.0,20.0
53,1,0,3,2,263.0,28.0
54,2,1,0,0,15.5792,
55,3,1,4,1,29.125,10.0
56,3,1,0,0,7.8958000000000004,35.0
57,3,1,0,0,7.6500000000000004,25.0
58,3,1,1,0,16.100000000000001,
59,1,0,0,0,262.375,36.0
60,3,1,0,0,7.8958000000000004,17.0
61,2,1,0,0,13.5,32.0
62,3,1,0,0,7.75,18.0
63,3,0,0,0,7.7249999999999996,22.0
64,1,1,2,2,262.375,13.0
65,2,0,0,0,21.0,
66,3,0,0,0,7.8792,18.0
67,1,1,0,0,42.399999999999999,47.0
68,1,1,0,0,28.537500000000001,31.0
69,1,0,1,4,263.0,60.0
70,3,0,0,0,7.75,24.0
71,3,1,0,0,7.8958000000000004,21.0
72,3,0,0,0,7.9249999999999998,29.0
73,1,1,0,0,27.720800000000001,28.5
74,1,0,0,0,211.5,35.0
75,1,1,0,0,211.5,32.5
76,3,1,0,0,8.0500000000000007,
77,1,0,2,0,25.699999999999999,55.0
78,2,1,0,0,13.0,30.0
79,3,0,0,0,7.75,24.0
80,3,1,1,1,15.245799999999999,6.0
81,1,1,1,0,221.7792,67.0
82,1,1,0,0,26.0,49.0
83,3,1,0,0,7.8958000000000004,
84,2,1,0,0,10.708299999999999,
85,3,1,1,0,14.4542,
86,3,0,0,0,7.8792,27.0
87,3,0,0,0,8.0500000000000007,18.0
88,3,0,0,0,7.75,
89,2,1,1,1,23.0,2.0
90,3,0,1,0,13.9,22.0
91,3,1,0,0,7.7750000000000004,
92,1,0,1,2,52.0,27.0
93,3,1,0,0,8.0500000000000007,
94,1,1,0,0,26.0,25.0
95,3,1,0,0,7.7957999999999998,25.0
96,1,0,1,0,78.849999999999994,76.0
97,3,1,0,0,7.9249999999999998,29.0
98,3,0,0,0,7.8541999999999996,20.0
99,3,1,0,0,8.0500000000000007,33.0
100,1,0,1,0,55.441699999999997,43.0
101,2,1,1,0,26.0,27.0
102,3,1,0,0,7.75,
103,3,1,0,0,7.7750000000000004,26.0
104,3,0,1,1,8.5167000000000002,16.0
105,3,1,0,0,22.524999999999999,28.0
106,3,1,0,0,7.8208000000000002,21.0
107,3,1,0,0,7.75,
108,3,1,0,0,8.7125000000000004,
109,2,1,0,0,13.0,18.5
110,2,1,0,0,15.0458,41.0
111,3,0,0,0,7.7792000000000003,
112,1,0,0,0,31.679200000000002,36.0
113,3,0,0,0,7.2832999999999997,18.5
114,1,0,1,0,221.7792,63.0
115,3,1,1,0,14.4542,18.0
116,3,1,0,0,6.4375,
117,3,0,1,1,16.699999999999999,1.0
118,1,1,0,0,75.241699999999994,36.0
119,2,0,1,0,26.0,29.0
120,2,0,0,0,15.75,12.0
121,3,1,1,0,7.75,
122,1,0,1,0,57.75,35.0
123,3,1,0,0,7.25,28.0
124,3,1,0,0,7.75,
125,3,0,0,1,16.100000000000001,17.0
126,3,1,0,0,7.7957999999999998,22.0
127,3,0,2,0,23.25,
128,2,1,0,0,13.0,42.0
129,3,1,0,0,8.0500000000000007,24.0
130,3,1,0,0,8.0500000000000007,32.0
131,1,1,0,0,28.5,53.0
132,3,0,0,4,25.466699999999999,
133,3,1,1,0,6.4375,
134,3,1,0,0,7.8958000000000004,43.0
135,3,1,0,0,7.8541999999999996,24.0
136,3,1,0,0,7.2249999999999996,26.5
137,2,1,0,0,13.0,26.0
138,3,0,0,0,8.0500000000000007,23.0
139,3,1,1,6,46.899999999999999,40.0
140,3,0,5,2,46.899999999999999,10.0
141,1,0,0,0,151.55000000000001,33.0
142,1,1,1,3,262.375,61.0
143,2,1,0,0,26.0,28.0
144,1,1,0,0,26.550000000000001,42.0
145,3,1,3,0,18.0,31.0
146,1,1,0,0,51.862499999999997,
147,3,1,0,0,8.0500000000000007,22.0
148,1,1,0,0,26.550000000000001,
149,2,1,1,1,26.0,30.0
150,1,0,0,1,83.158299999999997,23.0
151,3,1,0,0,7.8958000000000004,
152,3,1,0,0,,60.5
153,3,0,0,2,12.183299999999999,36.0
154,3,1,4,2,31.387499999999999,13.0
155,3,1,0,0,7.5499999999999998,24.0
156,1,0,0,0,221.7792,29.0
157,3,0,0,0,7.8541999999999996,23.0
158,1,1,0,0,26.550000000000001,42.0
159,3,0,0,2,13.775,26.0
160,3,0,0,0,7.7332999999999998,
161,3,1,1,1,15.245799999999999,7.0
162,2,0,0,0,13.5,26.0
163,3,1,0,0,7.0,
164,2,1,0,0,13.0,41.0
165,3,0,1,1,22.024999999999999,26.0
166,1,1,0,0,50.495800000000003,48.0
167,3,1,2,2,34.375,18.0
168,1,0,0,0,27.720800000000001,
169,3,0,0,0,8.9625000000000004,22.0
170,3,1,0,0,7.5499999999999998,
171,3,1,0,0,7.2249999999999996,27.0
172,3,1,1,0,13.9,23.0
173,3,1,0,0,7.2291999999999996,
174,3,1,1,5,31.387499999999999,40.0
175,2,0,0,2,39.0,15.0
176,2,0,0,0,36.75,20.0
177,1,1,1,0,55.441699999999997,54.0
178,2,0,0,3,39.0,36.0
179,1,0,0,2,83.158299999999997,64.0
180,2,1,0,0,13.0,30.0
181,1,1,1,1,83.158299999999997,37.0
182,1,0,1,0,53.100000000000001,18.0
183,3,1,0,0,7.75,
184,1,0,1,1,247.52080000000001,27.0
185,2,1,0,0,16.0,40.0
186,2,0,0,1,21.0,21.0
187,3,1,2,0,8.0500000000000007,17.0
188,3,0,8,2,69.549999999999997,
189,2,1,0,0,13.0,40.0
190,2,1,1,0,26.0,34.0
191,1,1,0,0,26.0,
192,3,1,1,1,14.5,11.5
193,2,1,0,0,12.35,61.0
194,2,1,0,2,32.5,8.0
195,3,1,0,0,7.8541999999999996,33.0
196,1,1,0,2,134.5,6.0
197,3,0,0,0,7.7750000000000004,18.0
198,2,1,0,0,10.5,23.0
199,3,0,0,0,8.1125000000000007,
200,3,0,0,0,15.5,
201,3,1,0,2,14.4,0.33000000000000002
202,1,1,1,0,227.52500000000001,47.0
203,2,0,1,1,26.0,8.0
204,2,1,0,0,10.5,25.0
205,1,1,0,0,25.741700000000002,
206,3,0,0,0,7.75,35.0
207,2,1,0,0,10.5,24.0
208,1,0,0,0,27.720800000000001,33.0
209,3,1,0,0,7.8958000000000004,25.0
210,3,1,0,0,22.524999999999999,32.0
211,3,1,0,0,7.0499999999999998,
212,2,1,0,0,73.5,17.0
213,2,0,1,0,26.0,60.0
214,3,0,4,2,7.7750000000000004,38.0
215,1,1,0,0,42.5,42.0
216,3,0,0,0,7.8792,
217,1,1,1,1,164.86670000000001,57.0
218,1,0,1,1,211.5,50.0
219,3,1,0,0,8.0500000000000007,
220,2,0,1,0,13.8583,30.0
221,3,1,0,0,8.0500000000000007,21.0
222,2,0,0,0,10.5,22.0
223,3,1,0,0,7.7957999999999998,21.0
224,1,0,0,0,27.445799999999998,53.0
225,3,0,0,2,15.245799999999999,
226,3,1,0,0,7.7957999999999998,23.0
227,3,0,0,0,7.75,
228,3,1,0,0,15.1,40.5
229,2,1,0,0,13.0,36.0
230,2,1,0,0,65.0,14.0
231,1,0,0,0,26.550000000000001,21.0
232,3,1,1,0,6.4958,21.0
233,3,1,0,0,7.8792,
234,1,1,1,0,71.283299999999997,39.0
235,3,1,0,0,7.8541999999999996,20.0
236,1,1,1,0,75.25,64.0
237,3,1,0,0,7.2249999999999996,20.0
238,2,0,1,1,13.0,18.0
239,1,0,1,0,106.425,48.0
240,1,0,0,0,27.720800000000001,55.0
241,2,0,0,2,30.0,45.0
242,1,1,1,1,134.5,45.0
243,3,1,0,0,7.8875000000000002,
244,3,1,1,2,23.449999999999999,
245,1,1,1,0,51.862499999999997,41.0
246,2,0,0,0,21.0,22.0
247,2,1,1,1,32.5,42.0
248,2,0,1,0,26.0,29.0
249,3,0,1,0,14.4542,
250,2,0,1,2,27.75,0.92000000000000004
251,3,1,0,0,7.9249999999999998,20.0
252,1,1,1,0,136.7792,27.0
253,3,1,0,0,9.3249999999999993,24.0
254,3,1,0,0,9.5,32.5
255,3,1,0,0,7.5499999999999998,
256,3,1,0,0,7.75,
257,3,1,0,0,8.0500000000000007,28.0
258,2,0,0,0,13.0,19.0
259,3,1,0,0,7.7750000000000004,21.0
260,3,1,1,0,17.399999999999999,36.5
261,3,1,0,0,7.8541999999999996,21.0
262,2,0,0,2,23.0,29.0
263,3,0,1,1,12.183299999999999,1.0
264,2,1,0,0,12.737500000000001,30.0
265,3,1,0,0,7.8958000000000004,
266,1,1,0,0,0.0,
267,3,1,0,0,7.5499999999999998,
268,3,0,0,0,8.0500000000000007,
269,3,1,0,0,8.6624999999999996,17.0
270,1,1,0,0,75.241699999999994,46.0
271,3,1,0,0,7.75,
272,1,0,1,0,136.7792,26.0
273,3,0,1,0,15.5,
274,3,1,0,0,7.2249999999999996,
275,2,0,1,0,26.0,20.0
276,2,1,0,0,10.5,28.0
277,2,1,1,0,26.0,40.0
278,2,1,1,0,21.0,30.0
279,2,1,0,0,10.5,22.0
280,3,0,0,0,8.6624999999999996,23.0
281,3,1,1,1,13.775,0.75
282,3,0,0,0,7.75,
283,3,0,1,1,15.245799999999999,9.0
284,3,0,1,1,20.212499999999999,2.0
285,3,1,0,0,7.25,36.0
286,3,1,0,0,7.25,
287,1,1,1,0,82.2667,24.0
288,3,1,0,0,7.2291999999999996,
289,3,1,0,0,8.0500000000000007,
290,1,1,0,0,39.600000000000001,
291,3,0,0,0,6.9500000000000002,30.0
292,3,1,0,0,7.2291999999999996,
293,1,1,1,1,81.8583,53.0
294,3,1,0,0,9.5,36.0
295,3,1,0,0,7.8958000000000004,26.0
296,2,0,1,2,41.5792,1.0
297,3,1,2,0,21.679200000000002,
298,1,1,0,0,45.5,30.0
299,3,1,0,0,7.8541999999999996,29.0
300,3,1,0,0,7.7750000000000004,32.0
301,2,1,0,0,15.0458,
302,2,1,0,1,21.0,43.0
303,3,1,0,0,8.6624999999999996,24.0
304,3,0,0,0,7.75,
305,1,0,1,1,26.550000000000001,64.0
306,1,1,1,2,151.55000000000001,30.0
307,3,1,0,1,9.3499999999999996,0.82999999999999996
308,1,1,1,1,93.5,55.0
309,3,0,1,0,14.1083,45.0
310,3,1,0,0,8.6624999999999996,18.0
311,3,1,0,0,7.2249999999999996,22.0
312,3,1,0,0,7.5750000000000002,
313,3,0,0,0,7.75,37.0
314,1,0,0,0,135.63329999999999,55.0
315,3,0,0,0,7.7332999999999998,17.0
316,1,1,1,0,146.52080000000001,57.0
317,2,1,0,0,10.5,19.0
318,3,1,0,0,7.8541999999999996,27.0
319,2,1,2,0,31.5,22.0
320,3,1,0,0,7.7750000000000004,26.0
321,3,1,0,0,7.2291999999999996,25.0
322,2,1,0,0,13.0,26.0
323,1,1,0,0,26.550000000000001,33.0
324,1,0,0,0,211.33750000000001,39.0
325,3,1,0,0,7.0499999999999998,23.0
326,2,0,2,1,39.0,12.0
327,1,1,0,0,79.200000000000003,46.0
328,2,1,1,0,26.0,29.0
329,2,1,0,0,13.0,21.0
330,2,0,0,2,36.75,48.0
331,1,1,0,0,29.699999999999999,39.0
332,3,1,0,0,7.2249999999999996,
333,3,0,1,1,15.7417,19.0
334,3,1,0,0,7.8958000000000004,27.0
335,1,1,0,0,26.0,30.0
336,2,1,0,0,13.0,32.0
337,3,1,0,2,7.2291999999999996,39.0
338,2,1,0,0,31.5,25.0
339,3,1,0,0,7.2291999999999996,
340,2,1,0,0,10.5,18.0
341,3,1,0,0,7.5792000000000002,32.0
342,3,1,1,9,69.549999999999997,
343,1,0,0,1,512.32920000000001,58.0
344,3,1,1,1,14.5,
345,3,0,0,0,7.6500000000000004,16.0
346,2,1,0,0,13.0,26.0
347,3,0,0,0,7.2291999999999996,38.0
348,2,1,0,0,13.5,24.0
349,2,0,0,0,21.0,31.0
350,1,0,0,1,63.3583,45.0
351,2,1,0,0,10.5,25.0
352,2,1,0,0,73.5,18.0
353,2,1,1,2,65.0,49.0
354,3,0,1,2,20.574999999999999,0.17000000000000001
355,1,1,0,0,26.0,50.0
356,1,0,2,0,51.479199999999999,59.0
357,3,1,0,0,7.8792,
358,3,1,0,0,7.75,
359,3,0,1,0,15.550000000000001,30.0
360,3,1,8,2,69.549999999999997,14.5
361,2,0,1,1,37.004199999999997,24.0
362,2,0,0,0,21.0,31.0
363,3,1,0,0,8.6624999999999996,27.0
364,1,0,1,0,55.441699999999997,25.0
365,3,0,1,9,69.549999999999997,
366,3,1,1,0,14.458299999999999,
367,3,0,0,0,39.6875,22.0
368,1,0,0,1,59.399999999999999,45.0
369,2,1,0,0,13.8583,29.0
370,2,1,1,0,11.5,21.0
371,1,0,0,0,134.5,31.0
372,1,1,0,0,0.0,49.0
373,2,1,0,0,13.0,44.0
374,1,0,1,1,81.8583,54.0
375,1,0,0,0,262.375,45.0
376,3,0,2,0,8.6624999999999996,22.0
377,2,1,0,0,11.5,21.0
378,1,1,0,0,50.0,55.0
379,3,1,4,2,31.387499999999999,5.0
380,3,1,0,0,7.75,
381,3,1,0,0,7.8792,26.0
382,3,0,0,0,14.5,
383,3,0,1,0,16.100000000000001,19.0
384,2,1,0,0,12.875,
385,2,0,1,2,65.0,24.0
386,3,1,0,0,7.7750000000000004,24.0
387,2,1,0,0,13.0,57.0
388,3,1,0,0,7.75,21.0
389,3,1,3,1,21.074999999999999,6.0
390,1,1,0,0,93.5,23.0
391,1,0,0,1,39.399999999999999,51.0
392,3,1,0,2,20.25,13.0
393,2,1,0,0,10.5,47.0
394,3,1,3,1,22.024999999999999,29.0
395,1,0,1,0,60.0,18.0
396,3,1,0,0,7.25,24.0
397,1,0,1,1,79.200000000000003,48.0
398,3,1,0,0,7.7750000000000004,22.0
399,3,1,0,0,7.7332999999999998,31.0
400,1,0,0,0,164.86670000000001,30.0
401,2,1,1,0,21.0,38.0
402,1,0,0,1,59.399999999999999,22.0
403,1,1,0,0,47.100000000000001,17.0
404,1,1,1,0,27.720800000000001,43.0
405,2,1,0,0,13.862500000000001,20.0
406,2,1,1,0,10.5,23.0
407,1,1,1,1,211.5,50.0
408,3,0,0,0,7.7207999999999997,
409,3,0,1,1,13.775,3.0
410,3,0,0,0,7.75,
411,1,0,1,0,90.0,37.0
412,3,0,0,0,7.7750000000000004,28.0
413,3,1,0,0,8.0500000000000007,
414,1,0,0,0,108.90000000000001,39.0
415,3,1,0,0,7.25,38.5
416,3,1,0,0,8.0500000000000007,
417,3,1,1,1,22.3583,
